SGX,SGY,SGZ,vx,vy,vz,vr,err
12.619213179308714,39.58589293033895,25.242154807025184,-231.6960906982422,-126.07160949707031,-83.21073913574219,-206.00272546044422,119.79274761214963
118.73096934209252,-47.45256737577647,15.060554108776904,227.03343200683594,60.66106414794922,-5.106849670410156,186.4167312862382,193.28965408502705
-47.689969681846165,-74.61826727678174,140.86121649196832,5.858917236328125,-180.74530029296875,402.1468505859375,419.8348179905389,151.61625869026471
-12.619213179309293,-39.58589293033854,-25.242154807024388,-191.67466735839844,-2.638427734375,285.7641906738281,-96.47311726301777,95.49413466470779
-118.73096934209309,47.45256737577688,-15.060554108776104,-57.20954895019531,25.0126953125,-122.48585510253906,76.3064005112477,134.98233604786083
47.68996968184558,74.61826727678216,-140.86121649196753,91.76551055908203,79.57571411132812,-259.397705078125,281.5942541524333,102.02882522242736
