SGX,SGY,SGZ,vx,vy,vz,vr,err
12.619213179308714,44.83351837588679,-13.93430760508311,-266.49822998046875,-251.92111206054688,-692.7102661132812,-102.95242503446258,72.67639732048903
104.83387452409507,-47.45256737577647,-57.738393840169685,4.3209075927734375,-255.25888061523438,-276.366455078125,221.54129595128936,152.78054271325314
86.39091597291127,19.463521187236115,140.86121649196832,322.3017578125,6.2165679931640625,334.76605224609375,451.4848883504758,171.02002340212536
-12.619213179309293,-44.83351837588638,13.934307605083909,-85.72134399414062,254.05126953125,-217.1367950439453,-274.27392322079794,75.6774587908874
-104.83387452409563,47.45256737577688,57.73839384017048,-174.53492736816406,191.84024047851562,283.20703125,339.8342635143377,219.43071945160878
-86.39091597291184,-19.463521187235703,-140.86121649196753,-277.41229248046875,243.86370849609375,-17.85619354248047,130.62865334028282,103.73635432429764
